billet,10.255.253.4,10.255.253.1
cast1.e3,10.255.252.5,10.255.252.1
cast1.e4,10.255.251.2,10.255.251.1
cast2.e3,10.255.252.6,10.255.252.1
cast2.e4,10.255.251.3,10.255.251.1
cast3.e3,10.255.252.7,10.255.252.1
cast3.e4,10.255.251.4,10.255.251.1
cr1.e1,10.255.254.14,10.255.254.1
cr2.e1,10.255.254.15,10.255.254.1
cr3.e1,10.255.254.250,10.255.254.1
crew1,10.255.254.2,10.255.254.1
crew10,10.255.254.11,10.255.254.1
crew11,10.255.254.12,10.255.254.1
crew12,10.255.254.13,10.255.254.1
crew2,10.255.254.3,10.255.254.1
crew3,10.255.254.4,10.255.254.1
crew4,10.255.254.5,10.255.254.1
crew5,10.255.254.6,10.255.254.1
crew6,10.255.254.7,10.255.254.1
crew7,10.255.254.8,10.255.254.1
crew8,10.255.254.9,10.255.254.1
crew9,10.255.254.10,10.255.254.1
expo1.d5,10.255.205.18,10.255.205.1
expo1.e3,10.255.252.2,10.255.252.1
expo1.e4,10.255.251.7,10.255.251.1
expo2.d5,10.255.205.19,10.255.205.1
expo2.e3,10.255.252.3,10.255.252.1
expo2.e4,10.255.251.8,10.255.251.1
expo3.d5,10.255.205.20,10.255.205.1
expo3.e4,10.255.251.9,10.255.251.
expo4.d5,10.255.205.21,10.255.205.1
gamecrew1,10.255.206.4,10.255.206.1
gamecrew2,10.255.206.5,10.255.206.1
gamecrew3,10.255.206.6,10.255.206.1
gamecrew4,10.255.206.7,10.255.206.1
gamecrew5,10.255.206.9,10.255.206.1
gamecrew6,10.255.206.11,10.255.206.1
gamecrew7,10.255.206.13,10.255.206.1
helpdesk1,10.255.206.10,10.255.206.1
helpdesk2,10.255.206.12,10.255.206.1
helpdesk3,10.255.206.14,10.255.206.1
magnutron,10.255.252.4,10.255.252.1
scene1,10.255.251.5,10.255.251.1
scene2,10.255.251.6,10.255.251.1
web1,10.255.206.8,10.255.206.1
youtube1,10.255.212.14,10.255.212.1
youtube2,10.255.212.15,10.255.212.1
